{"cameraMode":{"drawMode":0,"name":"Shaded","section":"Shading Mode"},"sceneLighting":true,"audioPlay":false,"sceneViewState":{"m_AlwaysRefresh":false,"showFog":true,"showSkybox":true,"showFlares":true,"showImageEffects":true,"showParticleSystems":true,"showVisualEffectGraphs":true,"m_FxEnabled":true},"in2DMode":false,"pivot":{"x":3.194856643676758,"y":-16.883228302001954,"z":13.421939849853516},"rotation":{"x":0.24714304506778718,"y":-0.374004065990448,"z":0.10411325097084046,"w":0.8878093361854553},"size":40.514251708984378,"orthographic":true}