{"cameraMode":{"drawMode":0,"name":"Shaded","section":"Shading Mode"},"sceneLighting":false,"audioPlay":false,"sceneViewState":{"m_AlwaysRefresh":false,"showFog":true,"showSkybox":false,"showFlares":true,"showImageEffects":true,"showParticleSystems":true,"showVisualEffectGraphs":true,"m_FxEnabled":true},"in2DMode":false,"pivot":{"x":-0.024637460708618165,"y":1.0247783660888672,"z":-0.006137073040008545},"rotation":{"x":0.07085476815700531,"y":0.9246835112571716,"z":-0.2130974680185318,"w":0.3074570596218109},"size":1.5657541751861573,"orthographic":true}