{"cameraMode":{"drawMode":0,"name":"Shaded","section":"Shading Mode"},"sceneLighting":false,"audioPlay":false,"sceneViewState":{"m_AlwaysRefresh":false,"showFog":true,"showSkybox":false,"showFlares":true,"showImageEffects":true,"showParticleSystems":true,"showVisualEffectGraphs":true,"m_FxEnabled":true},"in2DMode":false,"pivot":{"x":1.4901161193847657e-8,"y":0.3330000042915344,"z":-1.4901161193847657e-8},"rotation":{"x":0.026492539793252946,"y":0.9545661211013794,"z":-0.08932963758707047,"w":0.28308922052383425},"size":0.3590264618396759,"orthographic":false}