{"cameraMode":{"drawMode":0,"name":"Shaded","section":"Shading Mode"},"sceneLighting":true,"audioPlay":false,"sceneViewState":{"m_AlwaysRefresh":false,"showFog":true,"showSkybox":true,"showFlares":true,"showImageEffects":true,"showParticleSystems":true,"showVisualEffectGraphs":true,"m_FxEnabled":true},"in2DMode":false,"pivot":{"x":-1.0831584930419922,"y":-1.5732192993164063,"z":5.156282424926758},"rotation":{"x":0.3273998498916626,"y":0.35049980878829958,"z":-0.13228900730609895,"w":0.8674495816230774},"size":38.84527587890625,"orthographic":true}