{"cameraMode":{"drawMode":0,"name":"Shaded","section":"Shading Mode"},"sceneLighting":false,"audioPlay":false,"sceneViewState":{"m_AlwaysRefresh":false,"showFog":true,"showSkybox":false,"showFlares":true,"showImageEffects":true,"showParticleSystems":true,"showVisualEffectGraphs":true,"m_FxEnabled":true},"in2DMode":false,"pivot":{"x":-0.014528036117553711,"y":0.9532732367515564,"z":-0.021791934967041017},"rotation":{"x":0.08639993518590927,"y":0.9049018025398254,"z":-0.22144468128681184,"w":0.35306158661842348},"size":1.380353331565857,"orthographic":true}