{"cameraMode":{"drawMode":0,"name":"Shaded","section":"Shading Mode"},"sceneLighting":false,"audioPlay":false,"sceneViewState":{"m_AlwaysRefresh":false,"showFog":true,"showSkybox":false,"showFlares":true,"showImageEffects":true,"showParticleSystems":true,"showVisualEffectGraphs":true,"m_FxEnabled":true},"in2DMode":false,"pivot":{"x":2.9802322387695315e-8,"y":0.3330000340938568,"z":-4.470348358154297e-8},"rotation":{"x":0.08034184575080872,"y":-0.3635161519050598,"z":0.031485121697187427,"w":0.927584707736969},"size":0.8848925828933716,"orthographic":true}