{"cameraMode":{"drawMode":0,"name":"Shaded","section":"Shading Mode"},"sceneLighting":false,"audioPlay":false,"sceneViewState":{"m_AlwaysRefresh":false,"showFog":true,"showSkybox":false,"showFlares":true,"showImageEffects":true,"showParticleSystems":true,"showVisualEffectGraphs":true,"m_FxEnabled":true},"in2DMode":false,"pivot":{"x":1.4901161193847657e-8,"y":0.3330000042915344,"z":-1.4901161193847657e-8},"rotation":{"x":-0.15143954753875733,"y":0.8484991788864136,"z":-0.3640623092651367,"w":-0.3529517352581024},"size":0.3590264618396759,"orthographic":true}