{"cameraMode":{"drawMode":0,"name":"Shaded","section":"Shading Mode"},"sceneLighting":false,"audioPlay":false,"sceneViewState":{"m_AlwaysRefresh":false,"showFog":true,"showSkybox":false,"showFlares":true,"showImageEffects":true,"showParticleSystems":true,"showVisualEffectGraphs":true,"m_FxEnabled":true},"in2DMode":false,"pivot":{"x":0.0623478889465332,"y":1.2449400424957276,"z":-0.053441524505615237},"rotation":{"x":0.04570767283439636,"y":0.9474555253982544,"z":-0.1577645093202591,"w":0.27449774742126467},"size":1.6542643308639527,"orthographic":true}